subid,session,trial,Topics
1,1,1,3
1,1,2,
1,1,3,3
1,1,4,4
1,1,5,4
1,1,6,
1,1,7,3
1,1,8,6
1,1,9,3
1,1,10,3
1,1,11,3
1,1,12,
1,1,13,4
1,1,14,2
1,1,15,
1,1,16,4
2,1,1,9
2,1,2,
2,1,3,9
2,1,4,9
2,1,5,7
2,1,6,9
2,1,7,9
2,1,8,2
2,1,9,1
2,1,10,5
2,1,11,5
2,1,12,2
2,1,13,9
2,1,14,5
2,1,15,2
2,1,16,2
3,1,1,1
3,1,2,1
3,1,3,1
3,1,4,1
3,1,5,1
3,1,6,1
3,1,7,1
3,1,8,2
3,1,9,2
3,1,10,3
3,1,11,3
3,1,12,2
3,1,13,2
3,1,14,1
3,1,15,4
3,1,16,2
3,2,1,3
3,2,2,5
3,2,3,4
3,2,4,2
3,2,5,2
3,2,6,2
3,2,7,6
3,2,8,6
3,2,9,4
3,2,10,1
3,2,11,1
3,2,12,2
3,2,13,9
3,2,14,4
3,2,15,9
3,2,16,5
5,1,1,2
5,1,2,5
5,1,3,6
5,1,4,1
5,1,5,2
5,1,6,5
5,1,7,1
5,1,8,6
5,1,9,3
5,1,10,3
5,1,11,9
5,1,12,6
5,1,13,2
5,1,14,9
5,1,15,9
5,1,16,5
5,2,1,2
5,2,2,5
5,2,3,9
5,2,4,6
5,2,5,9
5,2,6,9
5,2,7,4
5,2,8,2
5,2,9,2
5,2,10,9
5,2,11,5
5,2,12,9
5,2,13,9
5,2,14,1
5,2,15,5
5,2,16,2
6,1,1,1
6,1,2,1
6,1,3,2
6,1,4,2
6,1,5,2
6,1,6,2
6,1,7,2
6,1,8,1
6,1,9,3
6,1,10,1
6,1,11,3
6,1,12,1
6,1,13,1
6,1,14,1
6,1,15,8
6,1,16,2
6,2,1,1
6,2,2,8
6,2,3,2
6,2,4,2
6,2,5,3
6,2,6,2
6,2,7,5
6,2,8,3
6,2,9,5
6,2,10,3
6,2,11,1
6,2,12,5
6,2,13,5
6,2,14,6
6,2,15,3
6,2,16,5
7,1,1,2
7,1,2,2
7,1,3,8
7,1,4,8
7,1,5,2
7,1,6,8
7,1,7,1
7,1,8,3
7,1,9,3
7,1,10,9
7,1,11,2
7,1,12,2
7,1,13,2
7,1,14,2
7,1,15,3
7,1,16,8
7,2,1,3
7,2,2,3
7,2,3,3
7,2,4,2
7,2,5,2
7,2,6,3
7,2,7,8
7,2,8,3
7,2,9,3
7,2,10,3
7,2,11,3
7,2,12,3
7,2,13,3
7,2,14,3
7,2,15,3
7,2,16,2
8,1,1,1
8,1,2,9
8,1,3,3
8,1,4,1
8,1,5,5
8,1,6,1
8,1,7,1
8,1,8,2
8,1,9,
8,1,10,
8,1,11,
8,1,12,
8,1,13,
8,1,14,
8,1,15,
8,1,16,
8,2,1,6
8,2,2,1
8,2,3,7
8,2,4,9
8,2,5,4
8,2,6,5
8,2,7,2
8,2,8,5
8,2,9,3
8,2,10,5
8,2,11,3
8,2,12,1
8,2,13,3
8,2,14,9
8,2,15,1
8,2,16,2
9,1,1,2
9,1,2,9
9,1,3,2
9,1,4,2
9,1,5,2
9,1,6,8
9,1,7,3
9,1,8,1
9,1,9,3
9,1,10,6
9,1,11,5
9,1,12,2
9,1,13,5
9,1,14,6
9,1,15,2
9,1,16,2
9,2,1,3
9,2,2,6
9,2,3,5
9,2,4,8
9,2,5,7
9,2,6,5
9,2,7,9
9,2,8,1
9,2,9,3
9,2,10,3
9,2,11,2
9,2,12,6
9,2,13,2
9,2,14,4
9,2,15,1
9,2,16,1
10,1,1,2
10,1,2,2
10,1,3,2
10,1,4,2
10,1,5,2
10,1,6,7
10,1,7,7
10,1,8,7
10,1,9,3
10,1,10,3
10,1,11,3
10,1,12,3
10,1,13,3
10,1,14,
10,1,15,2
10,1,16,3
10,2,1,2
10,2,2,3
10,2,3,2
10,2,4,2
10,2,5,2
10,2,6,2
10,2,7,
10,2,8,2
10,2,9,6
10,2,10,5
10,2,11,
10,2,12,2
10,2,13,2
10,2,14,5
10,2,15,
10,2,16,2
11,1,1,2
11,1,2,4
11,1,3,1
11,1,4,9
11,1,5,6
11,1,6,4
11,1,7,5
11,1,8,4
11,1,9,4
11,1,10,9
11,1,11,2
11,1,12,4
11,1,13,9
11,1,14,9
11,1,15,9
11,1,16,9
11,2,1,9
11,2,2,4
11,2,3,7
11,2,4,9
11,2,5,6
11,2,6,9
11,2,7,6
11,2,8,5
11,2,9,9
11,2,10,9
11,2,11,9
11,2,12,4
11,2,13,1
11,2,14,9
11,2,15,9
11,2,16,9
12,1,1,1
12,1,2,1
12,1,3,3
12,1,4,3
12,1,5,6
12,1,6,6
12,1,7,9
12,1,8,3
12,1,9,3
12,1,10,3
12,1,11,3
12,1,12,3
12,1,13,3
12,1,14,2
12,1,15,6
12,1,16,1
12,2,1,5
12,2,2,5
12,2,3,5
12,2,4,2
12,2,5,1
12,2,6,9
12,2,7,1
12,2,8,1
12,2,9,2
12,2,10,3
12,2,11,2
12,2,12,1
12,2,13,2
12,2,14,2
12,2,15,1
12,2,16,1
13,1,1,2
13,1,2,6
13,1,3,1
13,1,4,1
13,1,5,1
13,1,6,5
13,1,7,1
13,1,8,3
13,1,9,7
13,1,10,1
13,1,11,1
13,1,12,1
13,1,13,1
13,1,14,5
13,1,15,1
13,1,16,1
13,2,1,1
13,2,2,1
13,2,3,5
13,2,4,1
13,2,5,1
13,2,6,5
13,2,7,8
13,2,8,8
13,2,9,2
13,2,10,5
13,2,11,6
13,2,12,9
13,2,13,6
13,2,14,8
13,2,15,6
13,2,16,6
14,1,1,2
14,1,2,2
14,1,3,2
14,1,4,2
14,1,5,2
14,1,6,5
14,1,7,2
14,1,8,5
14,1,9,5
14,1,10,5
14,1,11,5
14,1,12,5
14,1,13,5
14,1,14,5
14,1,15,2
14,1,16,2
14,2,1,5
14,2,2,5
14,2,3,5
14,2,4,5
14,2,5,9
14,2,6,5
14,2,7,5
14,2,8,9
14,2,9,5
14,2,10,7
14,2,11,7
14,2,12,5
14,2,13,5
14,2,14,9
14,2,15,4
14,2,16,5
15,1,1,3
15,1,2,4
15,1,3,6
15,1,4,5
15,1,5,4
15,1,6,1
15,1,7,5
15,1,8,4
15,1,9,6
15,1,10,9
15,1,11,4
15,1,12,4
15,1,13,3
15,1,14,9
15,1,15,9
15,1,16,9
15,2,1,3
15,2,2,9
15,2,3,3
15,2,4,4
15,2,5,4
15,2,6,9
15,2,7,5
15,2,8,5
15,2,9,3
15,2,10,3
15,2,11,3
15,2,12,9
15,2,13,5
15,2,14,3
15,2,15,9
15,2,16,9
16,1,1,2
16,1,2,2
16,1,3,2
16,1,4,1
16,1,5,1
16,1,6,1
16,1,7,1
16,1,8,1
16,1,9,1
16,1,10,3
16,1,11,2
16,1,12,2
16,1,13,1
16,1,14,3
16,1,15,1
16,1,16,9
16,2,1,3
16,2,2,3
16,2,3,1
16,2,4,1
16,2,5,3
16,2,6,1
16,2,7,1
16,2,8,2
16,2,9,3
16,2,10,3
16,2,11,3
16,2,12,8
16,2,13,3
16,2,14,5
16,2,15,1
16,2,16,1
17,1,1,9
17,1,2,7
17,1,3,1
17,1,4,2
17,1,5,5
17,1,6,5
17,1,7,1
17,1,8,1
17,1,9,5
17,1,10,1
17,1,11,5
17,1,12,1
17,1,13,1
17,1,14,1
17,1,15,5
17,1,16,5
17,2,1,2
17,2,2,5
17,2,3,5
17,2,4,5
17,2,5,5
17,2,6,5
17,2,7,1
17,2,8,5
17,2,9,2
17,2,10,9
17,2,11,5
17,2,12,5
17,2,13,2
17,2,14,5
17,2,15,5
17,2,16,5
18,1,1,1
18,1,2,2
18,1,3,9
18,1,4,8
18,1,5,4
18,1,6,1
18,1,7,3
18,1,8,1
18,1,9,5
18,1,10,9
18,1,11,1
18,1,12,9
18,1,13,9
18,1,14,1
18,1,15,5
18,1,16,2
18,2,1,2
18,2,2,5
18,2,3,9
18,2,4,9
18,2,5,5
18,2,6,1
18,2,7,7
18,2,8,1
18,2,9,3
18,2,10,3
18,2,11,8
18,2,12,6
18,2,13,2
18,2,14,4
18,2,15,8
18,2,16,2
20,1,1,9
20,1,2,2
20,1,3,2
20,1,4,1
20,1,5,1
20,1,6,2
20,1,7,2
20,1,8,2
20,1,9,3
20,1,10,3
20,1,11,2
20,1,12,2
20,1,13,1
20,1,14,2
20,1,15,2
20,1,16,1
21,1,1,
21,1,2,9
21,1,3,9
21,1,4,9
21,1,5,9
21,1,6,9
21,1,7,9
21,1,8,3
21,1,9,6
21,1,10,6
21,1,11,9
21,1,12,6
21,1,13,6
21,1,14,1
21,1,15,9
21,1,16,3
21,2,1,6
21,2,2,6
21,2,3,6
21,2,4,4
21,2,5,9
21,2,6,9
21,2,7,1
21,2,8,2
21,2,9,6
21,2,10,6
21,2,11,2
21,2,12,9
21,2,13,9
21,2,14,5
21,2,15,4
21,2,16,4
22,1,1,1
22,1,2,1
22,1,3,1
22,1,4,1
22,1,5,2
22,1,6,2
22,1,7,1
22,1,8,1
22,1,9,1
22,1,10,2
22,1,11,8
22,1,12,2
22,1,13,1
22,1,14,8
22,1,15,1
22,1,16,9
22,2,1,1
22,2,2,6
22,2,3,5
22,2,4,2
22,2,5,1
22,2,6,8
22,2,7,1
22,2,8,2
22,2,9,1
22,2,10,1
22,2,11,2
22,2,12,1
22,2,13,1
22,2,14,1
22,2,15,2
22,2,16,8
23,1,1,1
23,1,2,4
23,1,3,1
23,1,4,1
23,1,5,6
23,1,6,2
23,1,7,2
23,1,8,5
23,1,9,2
23,1,10,1
23,1,11,4
23,1,12,6
23,1,13,2
23,1,14,1
23,1,15,4
23,1,16,1
23,2,1,1
23,2,2,2
23,2,3,5
23,2,4,4
23,2,5,2
23,2,6,7
23,2,7,5
23,2,8,4
23,2,9,1
23,2,10,4
23,2,11,2
23,2,12,4
23,2,13,2
23,2,14,4
23,2,15,2
23,2,16,1
24,1,1,1
24,1,2,1
24,1,3,1
24,1,4,1
24,1,5,1
24,1,6,1
24,1,7,1
24,1,8,7
24,1,9,1
24,1,10,5
24,1,11,1
24,1,12,1
24,1,13,1
24,1,14,1
24,1,15,1
24,1,16,1
24,2,1,
24,2,2,
24,2,3,
24,2,4,
24,2,5,
24,2,6,
24,2,7,
24,2,8,
24,2,9,
24,2,10,
24,2,11,
24,2,12,
24,2,13,
24,2,14,
24,2,15,
24,2,16,
25,1,1,9
25,1,2,6
25,1,3,4
25,1,4,3
25,1,5,7
25,1,6,9
25,1,7,2
25,1,8,8
25,1,9,1
25,1,10,1
25,1,11,5
25,1,12,2
25,1,13,2
25,1,14,2
25,1,15,4
25,1,16,2
25,2,1,1
25,2,2,6
25,2,3,1
25,2,4,3
25,2,5,2
25,2,6,2
25,2,7,1
25,2,8,2
25,2,9,3
25,2,10,1
25,2,11,7
25,2,12,2
25,2,13,6
25,2,14,2
25,2,15,6
25,2,16,9
26,1,1,7
26,1,2,5
26,1,3,9
26,1,4,5
26,1,5,9
26,1,6,5
26,1,7,7
26,1,8,4
26,1,9,9
26,1,10,9
26,1,11,9
26,1,12,9
26,1,13,9
26,1,14,4
26,1,15,5
26,1,16,9
26,2,1,9
26,2,2,6
26,2,3,6
26,2,4,4
26,2,5,2
26,2,6,5
26,2,7,5
26,2,8,5
26,2,9,5
26,2,10,4
26,2,11,4
26,2,12,7
26,2,13,5
26,2,14,6
26,2,15,5
26,2,16,5
27,1,1,1
27,1,2,4
27,1,3,9
27,1,4,1
27,1,5,5
27,1,6,5
27,1,7,3
27,1,8,9
27,1,9,3
27,1,10,5
27,1,11,1
27,1,12,4
27,1,13,4
27,1,14,4
27,1,15,5
27,1,16,4
27,2,1,6
27,2,2,1
27,2,3,3
27,2,4,5
27,2,5,6
27,2,6,5
27,2,7,5
27,2,8,9
27,2,9,6
27,2,10,5
27,2,11,5
27,2,12,3
27,2,13,7
27,2,14,7
27,2,15,7
27,2,16,7
28,1,1,7
28,1,2,1
28,1,3,7
28,1,4,6
28,1,5,5
28,1,6,5
28,1,7,5
28,1,8,7
28,1,9,3
28,1,10,3
28,1,11,5
28,1,12,4
28,1,13,4
28,1,14,4
28,1,15,5
28,1,16,4
28,2,1,7
28,2,2,7
28,2,3,4
28,2,4,4
28,2,5,4
28,2,6,4
28,2,7,7
28,2,8,5
28,2,9,4
28,2,10,5
28,2,11,5
28,2,12,9
28,2,13,7
28,2,14,5
28,2,15,4
28,2,16,4
29,1,1,
29,1,2,1
29,1,3,1
29,1,4,7
29,1,5,7
29,1,6,2
29,1,7,7
29,1,8,9
29,1,9,1
29,1,10,
29,1,11,6
29,1,12,6
29,1,13,
29,1,14,9
29,1,15,9
29,1,16,
29,2,1,
29,2,2,
29,2,3,9
29,2,4,
29,2,5,
29,2,6,
29,2,7,
29,2,8,
29,2,9,
29,2,10,
29,2,11,
29,2,12,7
29,2,13,
29,2,14,
29,2,15,
29,2,16,
30,1,1,5
30,1,2,9
30,1,3,2
30,1,4,1
30,1,5,4
30,1,6,9
30,1,7,9
30,1,8,9
30,1,9,2
30,1,10,1
30,1,11,1
30,1,12,9
30,1,13,7
30,1,14,2
30,1,15,9
30,1,16,9
30,2,1,9
30,2,2,6
30,2,3,5
30,2,4,5
30,2,5,9
30,2,6,1
30,2,7,5
30,2,8,7
30,2,9,9
30,2,10,9
30,2,11,9
30,2,12,5
30,2,13,4
30,2,14,9
30,2,15,2
30,2,16,5
31,1,1,1
31,1,2,7
31,1,3,5
31,1,4,5
31,1,5,5
31,1,6,5
31,1,7,9
31,1,8,4
31,1,9,1
31,1,10,3
31,1,11,9
31,1,12,5
31,1,13,3
31,1,14,4
31,1,15,9
31,1,16,9
31,2,1,3
31,2,2,3
31,2,3,6
31,2,4,5
31,2,5,6
31,2,6,5
31,2,7,5
31,2,8,1
31,2,9,3
31,2,10,5
31,2,11,3
31,2,12,5
31,2,13,5
31,2,14,3
31,2,15,7
31,2,16,9
32,1,1,8
32,1,2,8
32,1,3,
32,1,4,2
32,1,5,1
32,1,6,9
32,1,7,
32,1,8,2
32,1,9,1
32,1,10,2
32,1,11,5
32,1,12,5
32,1,13,8
32,1,14,2
32,1,15,9
32,1,16,1
32,2,1,2
32,2,2,5
32,2,3,2
32,2,4,5
32,2,5,8
32,2,6,5
32,2,7,1
32,2,8,2
32,2,9,2
32,2,10,2
32,2,11,1
32,2,12,9
32,2,13,1
32,2,14,8
32,2,15,1
32,2,16,1
33,1,1,5
33,1,2,5
33,1,3,9
33,1,4,7
33,1,5,7
33,1,6,7
33,1,7,5
33,1,8,5
33,1,9,8
33,1,10,4
33,1,11,5
33,1,12,4
33,1,13,5
33,1,14,5
33,1,15,6
33,1,16,6
33,2,1,5
33,2,2,
33,2,3,
33,2,4,
33,2,5,
33,2,6,
33,2,7,
33,2,8,
33,2,9,
33,2,10,
33,2,11,
33,2,12,
33,2,13,
33,2,14,
33,2,15,
33,2,16,
34,1,1,1
34,1,2,1
34,1,3,3
34,1,4,3
34,1,5,3
34,1,6,1
34,1,7,1
34,1,8,1
34,1,9,1
34,1,10,3
34,1,11,3
34,1,12,3
34,1,13,1
34,1,14,1
34,1,15,1
34,1,16,1
34,2,1,8
34,2,2,8
34,2,3,1
34,2,4,1
34,2,5,1
34,2,6,1
34,2,7,3
34,2,8,3
34,2,9,3
34,2,10,1
34,2,11,8
34,2,12,1
34,2,13,1
34,2,14,1
34,2,15,1
34,2,16,1
35,1,1,9
35,1,2,5
35,1,3,6
35,1,4,6
35,1,5,6
35,1,6,6
35,1,7,6
35,1,8,6
35,1,9,3
35,1,10,4
35,1,11,6
35,1,12,2
35,1,13,9
35,1,14,6
35,1,15,9
35,1,16,9
35,2,1,6
35,2,2,7
35,2,3,1
35,2,4,6
35,2,5,6
35,2,6,6
35,2,7,9
35,2,8,5
35,2,9,9
35,2,10,7
35,2,11,4
35,2,12,9
35,2,13,6
35,2,14,6
35,2,15,6
35,2,16,6
36,1,1,1
36,1,2,6
36,1,3,5
36,1,4,2
36,1,5,
36,1,6,
36,1,7,2
36,1,8,5
36,1,9,1
36,1,10,
36,1,11,2
36,1,12,4
36,1,13,1
36,1,14,5
36,1,15,5
36,1,16,5
36,2,1,2
36,2,2,1
36,2,3,1
36,2,4,5
36,2,5,4
36,2,6,9
36,2,7,7
36,2,8,5
36,2,9,1
36,2,10,5
36,2,11,6
36,2,12,5
36,2,13,7
36,2,14,
36,2,15,6
36,2,16,5
37,1,1,9
37,1,2,7
37,1,3,9
37,1,4,9
37,1,5,9
37,1,6,9
37,1,7,9
37,1,8,9
37,1,9,2
37,1,10,9
37,1,11,7
37,1,12,9
37,1,13,9
37,1,14,9
37,1,15,9
37,1,16,5
37,2,1,8
37,2,2,
37,2,3,1
37,2,4,9
37,2,5,9
37,2,6,7
37,2,7,
37,2,8,
37,2,9,
37,2,10,4
37,2,11,
37,2,12,9
37,2,13,
37,2,14,5
37,2,15,
37,2,16,9
38,1,1,5
38,1,2,1
38,1,3,1
38,1,4,5
38,1,5,9
38,1,6,5
38,1,7,5
38,1,8,1
38,1,9,3
38,1,10,2
38,1,11,2
38,1,12,1
38,1,13,2
38,1,14,1
38,1,15,6
38,1,16,1
38,2,1,3
38,2,2,1
38,2,3,2
38,2,4,2
38,2,5,5
38,2,6,6
38,2,7,2
38,2,8,9
38,2,9,9
38,2,10,5
38,2,11,7
38,2,12,1
38,2,13,6
38,2,14,2
38,2,15,4
38,2,16,2
39,1,1,
39,1,2,3
39,1,3,2
39,1,4,2
39,1,5,
39,1,6,5
39,1,7,1
39,1,8,1
39,1,9,2
39,1,10,3
39,1,11,1
39,1,12,1
39,1,13,1
39,1,14,1
39,1,15,2
39,1,16,3
39,2,1,2
39,2,2,1
39,2,3,8
39,2,4,1
39,2,5,2
39,2,6,1
39,2,7,1
39,2,8,5
39,2,9,1
39,2,10,2
39,2,11,7
39,2,12,7
39,2,13,1
39,2,14,1
39,2,15,2
39,2,16,1
40,1,1,1
40,1,2,1
40,1,3,1
40,1,4,1
40,1,5,1
40,1,6,1
40,1,7,
40,1,8,1
40,1,9,2
40,1,10,1
40,1,11,1
40,1,12,2
40,1,13,1
40,1,14,1
40,1,15,2
40,1,16,2
40,2,1,
40,2,2,2
40,2,3,
40,2,4,1
40,2,5,
40,2,6,
40,2,7,
40,2,8,
40,2,9,
40,2,10,
40,2,11,1
40,2,12,
40,2,13,
40,2,14,
40,2,15,2
40,2,16,
41,1,1,
41,1,2,
41,1,3,
41,1,4,
41,1,5,
41,1,6,
41,1,7,
41,1,8,
41,1,9,
41,1,10,
41,1,11,
41,1,12,
41,1,13,
41,1,14,
41,1,15,
41,1,16,
41,2,1,6
41,2,2,5
41,2,3,3
41,2,4,2
41,2,5,6
41,2,6,5
41,2,7,5
41,2,8,5
41,2,9,3
41,2,10,7
41,2,11,5
41,2,12,9
41,2,13,6
41,2,14,9
41,2,15,3
41,2,16,5
42,1,1,1
42,1,2,2
42,1,3,2
42,1,4,9
42,1,5,9
42,1,6,1
42,1,7,1
42,1,8,1
42,1,9,1
42,1,10,1
42,1,11,2
42,1,12,1
42,1,13,5
42,1,14,1
42,1,15,9
42,1,16,1
42,2,1,1
42,2,2,5
42,2,3,2
42,2,4,1
42,2,5,5
42,2,6,9
42,2,7,1
42,2,8,2
42,2,9,2
42,2,10,4
42,2,11,6
42,2,12,1
42,2,13,1
42,2,14,6
42,2,15,2
42,2,16,9
43,1,1,5
43,1,2,5
43,1,3,2
43,1,4,3
43,1,5,2
43,1,6,2
43,1,7,4
43,1,8,2
43,1,9,3
43,1,10,3
43,1,11,1
43,1,12,5
43,1,13,1
43,1,14,1
43,1,15,5
43,1,16,1
43,2,1,2
43,2,2,2
43,2,3,2
43,2,4,1
43,2,5,2
43,2,6,2
43,2,7,6
43,2,8,2
43,2,9,3
43,2,10,2
43,2,11,2
43,2,12,1
43,2,13,1
43,2,14,2
43,2,15,9
43,2,16,2
44,1,1,5
44,1,2,
44,1,3,2
44,1,4,5
44,1,5,
44,1,6,2
44,1,7,2
44,1,8,2
44,1,9,3
44,1,10,5
44,1,11,2
44,1,12,2
44,1,13,1
44,1,14,2
44,1,15,2
44,1,16,2
44,2,1,3
44,2,2,5
44,2,3,
44,2,4,9
44,2,5,
44,2,6,6
44,2,7,6
44,2,8,9
44,2,9,6
44,2,10,6
44,2,11,9
44,2,12,5
44,2,13,9
44,2,14,9
44,2,15,5
44,2,16,6
45,1,1,2
45,1,2,9
45,1,3,2
45,1,4,1
45,1,5,2
45,1,6,1
45,1,7,2
45,1,8,9
45,1,9,2
45,1,10,3
45,1,11,4
45,1,12,5
45,1,13,2
45,1,14,8
45,1,15,9
45,1,16,4
45,2,1,2
45,2,2,3
45,2,3,6
45,2,4,9
45,2,5,9
45,2,6,9
45,2,7,5
45,2,8,2
45,2,9,2
45,2,10,9
45,2,11,2
45,2,12,7
45,2,13,2
45,2,14,2
45,2,15,9
45,2,16,9
46,1,1,1
46,1,2,9
46,1,3,9
46,1,4,1
46,1,5,1
46,1,6,5
46,1,7,1
46,1,8,2
46,1,9,1
46,1,10,1
46,1,11,1
46,1,12,1
46,1,13,1
46,1,14,1
46,1,15,1
46,1,16,1
46,2,1,4
46,2,2,4
46,2,3,5
46,2,4,4
46,2,5,1
46,2,6,5
46,2,7,5
46,2,8,1
46,2,9,3
46,2,10,1
46,2,11,5
46,2,12,1
46,2,13,9
46,2,14,1
46,2,15,6
46,2,16,5
47,1,1,5
47,1,2,4
47,1,3,5
47,1,4,4
47,1,5,1
47,1,6,5
47,1,7,5
47,1,8,2
47,1,9,3
47,1,10,6
47,1,11,3
47,1,12,1
47,1,13,9
47,1,14,1
47,1,15,1
47,1,16,5
47,2,1,
47,2,2,
47,2,3,
47,2,4,
47,2,5,
47,2,6,
47,2,7,
47,2,8,
47,2,9,
47,2,10,
47,2,11,
47,2,12,
47,2,13,
47,2,14,
47,2,15,
47,2,16,
48,1,1,1
48,1,2,1
48,1,3,1
48,1,4,2
48,1,5,2
48,1,6,2
48,1,7,1
48,1,8,2
48,1,9,2
48,1,10,3
48,1,11,2
48,1,12,1
48,1,13,2
48,1,14,1
48,1,15,2
48,1,16,1
48,2,1,6
48,2,2,6
48,2,3,2
48,2,4,2
48,2,5,2
48,2,6,9
48,2,7,2
48,2,8,1
48,2,9,2
48,2,10,2
48,2,11,5
48,2,12,5
48,2,13,1
48,2,14,1
48,2,15,1
48,2,16,1
49,1,1,
49,1,2,
49,1,3,
49,1,4,
49,1,5,
49,1,6,
49,1,7,
49,1,8,
49,1,9,
49,1,10,
49,1,11,
49,1,12,
49,1,13,
49,1,14,
49,1,15,
49,1,16,
49,2,1,
49,2,2,
49,2,3,
49,2,4,
49,2,5,
49,2,6,
49,2,7,
49,2,8,
49,2,9,
49,2,10,
49,2,11,
49,2,12,
49,2,13,
49,2,14,
49,2,15,
49,2,16,
50,1,1,3
50,1,2,3
50,1,3,1
50,1,4,1
50,1,5,1
50,1,6,6
50,1,7,2
50,1,8,6
50,1,9,3
50,1,10,3
50,1,11,5
50,1,12,5
50,1,13,5
50,1,14,1
50,1,15,1
50,1,16,5
50,2,1,7
50,2,2,4
50,2,3,3
50,2,4,3
50,2,5,6
50,2,6,7
50,2,7,2
50,2,8,4
50,2,9,6
50,2,10,9
50,2,11,9
50,2,12,9
50,2,13,9
50,2,14,2
50,2,15,3
50,2,16,3
51,1,1,1
51,1,2,9
51,1,3,7
51,1,4,9
51,1,5,9
51,1,6,9
51,1,7,9
51,1,8,9
51,1,9,6
51,1,10,6
51,1,11,4
51,1,12,6
51,1,13,5
51,1,14,7
51,1,15,6
51,1,16,6
51,2,1,1
51,2,2,7
51,2,3,9
51,2,4,6
51,2,5,4
51,2,6,6
51,2,7,7
51,2,8,9
51,2,9,5
51,2,10,5
51,2,11,5
51,2,12,9
51,2,13,6
51,2,14,7
51,2,15,1
51,2,16,5
52,1,1,1
52,1,2,1
52,1,3,1
52,1,4,1
52,1,5,1
52,1,6,1
52,1,7,6
52,1,8,6
52,1,9,1
52,1,10,1
52,1,11,1
52,1,12,1
52,1,13,9
52,1,14,9
52,1,15,9
52,1,16,9
52,2,1,1
52,2,2,1
52,2,3,1
52,2,4,1
52,2,5,1
52,2,6,1
52,2,7,1
52,2,8,6
52,2,9,1
52,2,10,1
52,2,11,1
52,2,12,1
52,2,13,1
52,2,14,1
52,2,15,1
52,2,16,1
53,1,1,4
53,1,2,4
53,1,3,5
53,1,4,4
53,1,5,4
53,1,6,8
53,1,7,7
53,1,8,1
53,1,9,3
53,1,10,3
53,1,11,2
53,1,12,4
53,1,13,1
53,1,14,7
53,1,15,8
53,1,16,9
53,2,1,1
53,2,2,9
53,2,3,5
53,2,4,1
53,2,5,2
53,2,6,8
53,2,7,1
53,2,8,2
53,2,9,3
53,2,10,3
53,2,11,3
53,2,12,2
53,2,13,2
53,2,14,1
53,2,15,6
53,2,16,5
54,1,1,1
54,1,2,1
54,1,3,2
54,1,4,2
54,1,5,5
54,1,6,1
54,1,7,4
54,1,8,1
54,1,9,3
54,1,10,1
54,1,11,7
54,1,12,2
54,1,13,5
54,1,14,1
54,1,15,3
54,1,16,9
55,1,1,1
55,1,2,5
55,1,3,1
55,1,4,4
55,1,5,2
55,1,6,3
55,1,7,4
55,1,8,1
55,1,9,2
55,1,10,1
55,1,11,9
55,1,12,9
55,1,13,9
55,1,14,1
55,1,15,5
55,1,16,2
55,2,1,2
55,2,2,2
55,2,3,2
55,2,4,2
55,2,5,7
55,2,6,2
55,2,7,2
55,2,8,4
55,2,9,1
55,2,10,2
55,2,11,5
55,2,12,2
55,2,13,2
55,2,14,2
55,2,15,2
55,2,16,1
56,1,1,1
56,1,2,1
56,1,3,1
56,1,4,2
56,1,5,2
56,1,6,2
56,1,7,1
56,1,8,1
56,1,9,9
56,1,10,9
56,1,11,6
56,1,12,9
56,1,13,9
56,1,14,6
56,1,15,9
56,1,16,1
56,2,1,2
56,2,2,2
56,2,3,2
56,2,4,2
56,2,5,1
56,2,6,1
56,2,7,2
56,2,8,9
56,2,9,1
56,2,10,1
56,2,11,5
56,2,12,9
56,2,13,9
56,2,14,2
56,2,15,2
56,2,16,2
57,1,1,9
57,1,2,9
57,1,3,9
57,1,4,6
57,1,5,1
57,1,6,4
57,1,7,7
57,1,8,4
57,1,9,3
57,1,10,6
57,1,11,6
57,1,12,9
57,1,13,9
57,1,14,6
57,1,15,9
57,1,16,9
57,2,1,3
57,2,2,6
57,2,3,6
57,2,4,7
57,2,5,8
57,2,6,7
57,2,7,7
57,2,8,5
57,2,9,3
57,2,10,5
57,2,11,6
57,2,12,9
57,2,13,6
57,2,14,4
57,2,15,8
57,2,16,2
58,1,1,5
58,1,2,
58,1,3,1
58,1,4,2
58,1,5,2
58,1,6,1
58,1,7,2
58,1,8,2
58,1,9,1
58,1,10,3
58,1,11,1
58,1,12,2
58,1,13,1
58,1,14,2
58,1,15,8
58,1,16,1
58,2,1,3
58,2,2,1
58,2,3,4
58,2,4,2
58,2,5,1
58,2,6,5
58,2,7,2
58,2,8,2
58,2,9,3
58,2,10,2
58,2,11,8
58,2,12,4
58,2,13,1
58,2,14,6
58,2,15,9
58,2,16,8
59,1,1,3
59,1,2,3
59,1,3,3
59,1,4,1
59,1,5,2
59,1,6,2
59,1,7,2
59,1,8,2
59,1,9,3
59,1,10,3
59,1,11,3
59,1,12,3
59,1,13,3
59,1,14,3
59,1,15,3
59,1,16,1
59,2,1,3
59,2,2,3
59,2,3,3
59,2,4,3
59,2,5,3
59,2,6,9
59,2,7,9
59,2,8,3
59,2,9,3
59,2,10,3
59,2,11,3
59,2,12,3
59,2,13,3
59,2,14,6
59,2,15,4
59,2,16,2
60,1,1,7
60,1,2,1
60,1,3,5
60,1,4,7
60,1,5,8
60,1,6,2
60,1,7,2
60,1,8,1
60,1,9,7
60,1,10,7
60,1,11,2
60,1,12,2
60,1,13,1
60,1,14,1
60,1,15,5
60,1,16,4
60,2,1,8
60,2,2,2
60,2,3,2
60,2,4,1
60,2,5,2
60,2,6,1
60,2,7,6
60,2,8,5
60,2,9,2
60,2,10,8
60,2,11,1
60,2,12,8
60,2,13,1
60,2,14,5
60,2,15,9
60,2,16,2
61,1,1,1
61,1,2,1
61,1,3,2
61,1,4,1
61,1,5,1
61,1,6,8
61,1,7,2
61,1,8,2
61,1,9,2
61,1,10,2
61,1,11,1
61,1,12,1
61,1,13,2
61,1,14,2
61,1,15,2
61,1,16,2
61,2,1,2
61,2,2,1
61,2,3,2
61,2,4,2
61,2,5,2
61,2,6,2
61,2,7,6
61,2,8,2
61,2,9,2
61,2,10,8
61,2,11,8
61,2,12,1
61,2,13,2
61,2,14,1
61,2,15,1
61,2,16,1
62,1,1,1
62,1,2,5
62,1,3,9
62,1,4,7
62,1,5,5
62,1,6,6
62,1,7,7
62,1,8,5
62,1,9,2
62,1,10,5
62,1,11,5
62,1,12,5
62,1,13,7
62,1,14,1
62,1,15,6
62,1,16,5
62,2,1,9
62,2,2,7
62,2,3,9
62,2,4,9
62,2,5,6
62,2,6,5
62,2,7,7
62,2,8,9
62,2,9,4
62,2,10,6
62,2,11,4
62,2,12,5
62,2,13,6
62,2,14,5
62,2,15,6
62,2,16,5